-- MySQL dump 10.13  Distrib 5.5.53, for Win32 (AMD64)
--
-- Host: localhost    Database: blog
-- ------------------------------------------------------
-- Server version	5.5.53

DROP TABLE IF EXISTS `article`;
CREATE TABLE `article` (
  `aid` int(11) NOT NULL AUTO_INCREMENT,
  `cid` int(11) DEFAULT NULL,
  `title` varchar(50) DEFAULT NULL COMMENT '标题',
  `content` blob COMMENT '内容',
  `cdate` int(11) DEFAULT NULL COMMENT '发布时间',
  PRIMARY KEY (`aid`)
) ENGINE=InnoDB AUTO_INCREMENT=19 DEFAULT CHARSET=utf8 COMMENT='文章表';

--
-- Dumping data for table `article`
--

LOCK TABLES `article` WRITE;
INSERT INTO `article` VALUES (1,1,'AJAX 学习笔记','xWO_qebHw۬P!\nZX)j^{HV+;Ű0	/e&?sgO/{i~i~ιL+ƽ\'Vyܿy\Z\ZY+qcIW=5<GPu=~pOU#(ߍ*1Ae]ku˳VҊslB+l>URB|u\'Þ=V=cAՋ<_966lzsؼޛ;UōJb$YB !FکݕM<Cֵ;~fGv+,RH\n\Z/R	BrәT#Emc\r6\Z\r!4ؔMpt51od(t+bJh@SPdV|{B_$b}p=}V͟nT^ۀN7Pq/^>g;y\0ٸ[|^td+&޶V^w>ǱpJs(Jvƈ1Oȳ<1=Ni`_HrZ^J^HgnysY#H8J,Ŕ~eLњ1OxzN\0)qwH;hI\rԔ#<o^\Z,u@A3y1wZXST<S&T#yd~nbJ+WHF%M3m_mXZNv T<5.]SA|eI=J:ů!г?HxUі9A!a_\Zu=[ecsgޠ\\otj HVBX*lp4h={A?|sAwPmV(6k[̙IqxQÍv)ےYevh QB3㟞u\r~Gj;\n)QI^W\Z蓀z\'`p!?q-4n%0M\'骹4KF~oN\Zi6b\Z$vl/ݲpcμsL=ENHgjP^R\no!4n  xaM-==FBJOȄ@b(wX\0Bv@5wOD/C/ڷ71%\rՋObN^΅,ܮ5:|\"2fVl~\0\r[}-DFw0@]pHmVE\r?	htXӧOёf\\\ZϽN\Z9#;V@/9{2- 1wU,dAQ3k>=_qDG=SGu4\"9B#g(AP(ToQ\\Z\0b/jgco&B܅39%0)ӭFG\0EoA0&_	Vk70)-\Z1խJ\Zh\n0onp\'qlM%TQ1*\Z\"ba:o|<62FuutJ`NI+[ yކp%%gwMc\'EvOL,UZB+i=WdoY_F@]3ư\'hZ!QHɫe!X-L3 8AU.)wףP9/,ިшڣα0VBʤ;E~3?I\0*hnU7>[E+yeSiG:Ѭ-c٥2	#1|Pl=߻γm쵮S-<D\0 ǚnӤQlXf\\9/zN9S1\'D3)Lތ1y4+>T{_\\8\'ru7>G2-|7$ف8[N8knxFDbUY6bXeO.QY}t\'\nkfj90\"DC\'鮀wOx<O',1489900256),(2,3,'Chrome 下 URL 重写问题','xuVmObG,MDM6ې-KiVk0Qa7|A@AU\\\"׮\"g>_;\"E0s9ysCRۃ\ZB$\"utD4D|tndtZz?FE/{~ofXK{,}%e@/~6	zjNFېTHM[҅\\@nNi\Z@۠_r;ܞ9ǔumya`?e܂g`3J߅.к_Cq=P;Єh13\ZL]h:[גA?naiMX޾R0;PT.iu	g1\Z 6\' tb<;F\0\'.s3QbгHp\0:(Zдb8uF9h+W\r#kM$\'\\R1B9}ik{ϚQ[g\ZTUT֥)ɧlp<v^5eQhI/	_|C4*g`~_|V*}a$\\\n.B\".;դTRTL2T<XÕ]zRd$qQ6UŨ7U0cYvp~\0N!\']nм&5p!#;pno.Ǽ	\nGJT!+`@﷍.dڎ9ߌ)ȱC^J-avLUp|ITqx@P+`\nUBosGD/}y03Re+k3r0k8q|Zۈ#ZHEm McCPB_&W{CxSxu棢X*U$xd2p*LR\'%fX]%H\r{*_P\'^\Z$eFk\Zt?J./2@	b-5K\'̌O\0ʤ,$HySC˷MPQQ금7K wn{rU7WocLO*<`/	m\Z56RfbgW$κGM\rγkΙ0zy.ci7&yJ&',1502348230),(3,1,'Chrome 鼠标点击页面特效脚本分享','xXko\Zί8\n614I7V^նntda!k5``\'&8u_)WjBsfg*,^I.׾i<hi55q.juC׵qhR@&IL䲖[\"/ݭ`#iVRUMJi^[J)^ɐLmH棣&H2{8(I)Mj?\"ѹ4Y\'&@fqvJ[ ?X GJyc+\'+մ\r`NoXgSSh*[GIAmmDZ%-b\rM$U<\0?Nj\036\'/)x\0&aDvf/n)ۺΔy՞jR˒dH	NmsdRʫj&/S\"$\n@XHUL(RNJ8[$Onoh A@9=,J5N2qkrSkH;diEmqZ>aEd>TIn߾}7`b\nz9A=b\n\n.Kӄe#\'tMW(IPH{\r( b-ɴ6)_:>V&P\0ah0(I\0_P=5Ad\06jyh¬ԗ^2@ä(/;׃HtA\'РAfX:4]$OOxnX;q,fJc\\IP`/|ί/O089$u2#gvbre$:=\0̀͡/$}ZFٝAo70t7,uG|ܼ|~n]\'c-}]\Zp66u	v[\r\nl.k-aPwk8N[闌s/Lt$p!KQIt6,\n;~_#Ǖ&é.5zq:Cݐ1(\"LN2edmq\"\\l[>kPH8=\Z.m#Dk%ڝhe~m\rAFgڶ>sG2E0\Z[Mh..R@POI]Z)X1oYLhf	\Z}M{[RPK5xsOHτ,pMKjaJ\\7Nb\0cWZ)4j{88Axr#e(s3\0(#m⇐plg#\\v>x\r#qÒſ0[ۃ\0q\0g|\'ɖŹCŏ!t&Ê[e½+;ɷt(ГJSh>*S*؛7wy_}Wap(\'[uIWYǘOdNt쓞g-GՕkUx*[H[VX9U޽=({}QKJ.d]NDڂ0\nIOi8omE_/ôE7PJxYZ;mױ	cVk\'Y`tojofF_}bPp[W\'^>Ftt퓵\rƠx`HsFJA^n9#^jBzB>x0qƙ%#|m7$p-f`@%܁%zD?%.q͐(H>tB~x?ùIfA:&:j8:k3EM8YZo?\"^j >x2;	LM\nml\rdhpx0>Β]iA	.\ZOt|^\r%\"w鼒I.\0\"\\IN)^u	}N/\0=gu\"è~J8m}>X-B_(',1499864745),(4,3,'生活随感','xuXnV}W	0oS\'m\nfӧ4&HRPuP%F[eGd˖DJ\"0OYlvg:`(9:k-ڑc\'lr(yQd iy᷶i.8%嫟6^:z?Y{a_ۣo~x==j7޽||}_׿a~zƫgxZ=]_<Z+:ǯӃȟuW+7=\'k&k\'<\'/=[#oz)&׾-+դQz!HJ$$f֝~\'B61ځۖM[j-D:%7-I:䓶Hԝ70KC:8\rG0n\n\Zl]aNk@1kdHֆx,lovl=Ffg`FG\Zmł`U<̔d!Eݬ\";]:TL7)tȞgojvP8{lZ܈WxKg8<gs>7?`);aj\ZSLʷMFMޢDMnқMpxD׆޴煾#F5-ӳ\Zn?H@VvhqƿqpCCuHI|#¸qe\0iXֽyC]l	*`L«<[e|cʇ`k_uE)W=TM%*g`#:r΂ftXm~79sL96vH9(/%*27j!ɗEV(cd\"rdyךȐ0	uiB7݉\\K5I06oY{(h,֗DVoN\rô<0Or\n\nɸ۔=P^o!cB\\qN)yL6PmTdD=ƫS:z#ʛJi_DVn\'?`H)d.9l	.D6TyCw@&jH#ˏ@|\\8D(S:U2]j{9k2zGtj$*Emɣ_|+^bL$1Uk\"7-L+\0ҁYXK~[w`	QZ\r	p=4uJ~.=V%*\"SѧR#Bf8R3C٬W/b\'w,|\'KFbJpJa$	Lp<(KOi]n]n=-Db>G*E @\0i,.y$:Dw,UVa#n+fļ+(\0LG@8.uf(TQC(f7\'hx)_9[fⷧ\"9ѯSS|0Hd6u;ߗbO){B@lܛVCTOj\ZLH#\n\n27]X\\~MF`MqɓEEot?O?}Pt \'ena0,p绿Pu 2c+y/DcMO#E;1\"-Yu䊝*ak@BY\'Oۛ\Z\Z?\01v?Nn&o=Q9fp(4&qc8y]fpW̩+ط1Vʿ[\r:d͑o!x*seueA~v9Rբ@땰yǑvzvm:K}X69^A[\n>-z )\\?Oo>\0dKw ,48:RKb0dp ^Bt}(\r\"v@c$~jEEiLYU|7וP\\F-ɒ#XIr.Ȍ]񑊦h)JmS\',˱EMTY#H\rXא3~6.!;hxB\"p6%)N(,}\Zs\0w0pN}!;JRׄø\'R>#>^V9Ct.o֯țUTҢ21En\0xG*m6.JQ/*YYv(!R]P\"MlH͋%h\'$Є۬pZCJZՅ\06p)N`Msʑc~L+3eCXl]\rxNޏ&rmە}biV`v0f-<\rqN[h6NhZD\"ҦPn\'\rUeȕJkh0EgA\Z8v9z	$_\'IC$Zݦ0#4Ͱl-J,хa8*ONF9(>ikUu[udbCH\0C5mF\0:vx\rK1ugC/_4.2:<\Z>0W\n>E9H+m#of+XxHgܾ|_P$;^@gOWbb1uLUy1\"\\6Їqjr?IC/ZV2aɇ	>\0>`x`94\\Ӱyd>\'ܰ41f|=\'/Ƨ>(x=Si%8._ <c<jBBНͿ\Zp4,Z2 z)0b`ظBGA\'#n*pWmx*&O;x6eHT:4#8:d\'g0UMPsK+{d\0(*l/塀+[\0 ?xu$mXuoer~aVيJF&iZ #|DZh4S7%(jv]$\"hTL\"NGaJt q?n󅜦lEGDt5ɱ`l(5&K\'.I9pÊհۈezտLвWDh(l҉tNV{d=cI+QŁ	cU37c!&2TfdI\"xpqU0\Zb@;(sJX\"5QYX[±fK:կA84D$[ k?pl(h~D.H\nؿ\'#C#yJڳc\nM$7-{&# aJ',1495274363),(5,3,'记 Hexo + Github Page 公益 404 配置','x<kEI⡫zq]ݣ3*nwO\"3ރ \n6F2?U|FD3uF2#oܸqqv	wggCxt7?yW(£/®ke;5uֵT˶rbtr4fo]zvk?uW0co\r޻?[[oۿ#4vټx\0r6J?n98p@wL[um>%3MعҒZE21~*LPZZ[5=hҒL3bnEetȋ\"ylψ/럼9.y{[׮m]{\0߸sOˍy\'u\'OڸgsYώ:hol<6pqဏ8xG>uԥ?mq,(dCl;0.Ldg~W_+<gwLc+~I!bK2qiK3b6qd:0qc)Sb.ͿF+ٚcznQIFi0(P蔝!#ۣiJdFm,#a96iPSn[%\rթ.9&-?{g?jv\'\Zv08OG[׾\ZzpG?*/ʷu?m~v>޿qÏ9Nc8~A׾gncs4L54\"w~s|<z8Go\"||\0Hq?z5Q8u/\r.uƝwr]˃S_/@DƏ?_Mw^{GH:)S[?ʃ5퍵[o֗qH@X^s\Zd߸u÷7\nY1=FB&~e6xͷnha)`YZslDl栆wo\rR11X=sy|pY\\{*W?nݼBQt3(cBY`EA=dSF5K~տ`WQ^***kNATɖ3qfltɃEM6Xܛ׎^]17ÛH#\0&J \nӇy37S|&z+quCXؾ:2.aл\03^(8Ígp<;Z46+`.5v!4{7x#\0p֛\'p~z߾o1d\";pDbtЉTݿDz(f\\(lN=;wc1}+=At7lsM\0;v|)/\r.O\0w?Cg>|N. ixpy75f;pps	:ط	PeS4Y&G5H@_\\\n*bX*M|T<o2^(T!	ԪzqB.gb\Z`pP¥	|NR*削TQ% VUb@	33`zm~wnޅmu[o$Ov?ǔhp˘t\'HZ??b[`5jR&_Z1.﹍^ݼm,zY2U%ҍ̛%M%I82MͽuڡO(<)8;4.S/ǿhF?DH7$-,R\ZwA,,;~볭_);=fkW{㵾fʧ<ɂbE0]X:@<sP2uQv?zaYvn~+jf(7Kyζf,&^2tUI_Aos!q/,\'	?\"_!o$-BO\"B>k<d×lOYL\n32LXβ_LQfOWPfY4A64W+-s+Dd7-.kݚ@<[v,s)3Y6:2ѡ}TFDk\n)6<B_V4zb9NoUiۊ@	\rG?Lh6aCTp*l3mYmH梦?O6 H1)@n|85~tnέ:S\rlvCAqpX+)}<E\nտ%AEO&p)oS\"BPK\0cg\'d\'vG7Cp`	e\'d1@5\"頁\rEBd[&if}3%6;ci0cazS-*U|a7AʕxA,~W(I@zZT`\ZfYhDD\rST/S@QRo$Ɖ4\rSHi\"?=̶aC{0/Q\01-dybDd1?eۦ&l4Go2b:gtl)BlOF!J6th{1g5i]<<(7\0A@e)ɒr(洘U`p#J TR036$N1z`ϙ{{uFo+Jw	fA6K̤&qם]UrD$8	ME8mKJ\rB2A_$0\ZH-mIY%4n\'B}`(P,^o%&ڨƩ{\0BFz*\"\0t\ns	j8fig\\iXۏq\01?@mt5*\nmK\nI>==u8 GIXS|K\'3hoɮkXQY\0N̈5;&8o[~NTL)\'K?F8Br\r4vMcIӕ83\0L\01-lw!m	,{#YK{hސ_4lr\\q88sA?ǝs5bSl\n[IJyw=CV~wg\\}s\00w!Jh9AiftLvi#l 5L@	\\ZC=6Zl65̵<\\*UjJB]Uh)!K+	%>\'H	 +*rG+y~EUTE.`R],UYЉz$l2j-?Q(\rQ%\n&b)O~EO`:_^\"L\'G<b(ѵT7zMTE\r#njUgeR3K|qz4v=;W2ŕ4xg72>Z!왺 B$6+#@ۑ鶋<ds8ѹxLqrY	QPSI^WZ\rٔ]@T<\"LAazN>͘%vF\Z]qη+1mtz1^#	RL\0]֒1\rA=2aTC]hQ].,j²Β|z5$8By\\\"Btp2dxXI|8Cjkv*N=Xzu#ɡ96Qd܍2s\\ni&ƁN7^[^22QvNjO)!dW>#Ta6b)qc	΂qs&C9%L\ZKE#,g]Rǘ&SN\nD½[߿rkվS!5qY\rMo\ZVKb[2sAӑL؝=`\061$\\2EQ}2<f$x# `ɉJ6\"<sC.ו8: &5=hhzJ/S\\X(JDl;G0TH􄒅a8q`+1;r%`YhZy^syB,o*%[Y^OELPS\0CxהuPqf╗ãMPk޾ltmܔ?&Zɡǁtǅ	w\\A	DK	y>3>`r\'	ǟ]\rJSĚ|Ob媘	d(\nUTت\",MӞTZ8 5TIQ-9ohhAS6x\"N\'\rsnVXrkd[t\'	(35~2bfԘ;sW&c$Wc3&zU7v,^g1謭TIr`Oj\\6zݜQs-DqK}p\ZMGD&%NRRNn\'f8@&7v9ZOamYtDcbuҍd)ι\r(V4ZA-s])gv-io\rBL\0gIJd,9IqK0>txπjqi[\ZsF72$=RLӢAQbe0-^d)!\"XH}a<dܥ\082`;(83O?_;	(^\'9IXJ>+0!ibr7th5whrC.æa題TYhFz5f*p\r\0;D)MLQw2+\nXE+:ťa-KQcՕaoDe`ȝѝYFTC\ZqbSSJdKET|y!D[.3\\R>$툦~~[>_bd$\'2cR{F\Z|CLcnxf$ ñʢjeQ\Z\"\n῟\"N;\'q۳ut% C(;LsdVT\n+V.Im\ZJϊ;^0ݰ)rMd]	1Ηz(ZflKŬO7Fz&;WX8_K>ݙz-,gG*@KةO*p^K?B7CLu39ô,T^[c9k[嗋ы9J)?I{>#DtgYO`oLP;GbYӧ%ھP>[޻\'K\ZY\Z-h JU)ddN&-E,t#Z\ZzǓ\0\nG^W]5>\\XG,gηf Њ<bZb W,+PKG+A\"E:`2gXg2恪y$뉜WZ6!8:y:咪ȉ-=fXvBxQ<2:82\r0O4aP\' \Z|;Rȇoؘ\'ṋ\' aT	ČDL-f1h$GQ?;AsaM۔ؒ`	5.{tcc$f=Xo5ib@ub5)	尌YH/@V:Gh	b!zB)#?zPHv{LiK7Z%:y\00j\'S@W|P:TٞvUzݩ=;w-<9~}nzV[8e8It;tv1i f20+(SJrS<+\">F=nrؑKs-<9_¿B15`(/[wBQ\ngHϛ|.sNu>\"3cB;mՑzcQ}\0G655P\0Ї~/ziRC,Vz~^ -Њ41\\C;TaX6V+G5GTSGRy* 8\nhmݞ9EW̱9$DkB4a]+=im\'r˱a\ng;:0f2+m4CzVkNTGW0HRņbCX`?@?iڤۃ~cJ1w(S+K6hn~%ٔ쒃\'	Cf\'CA*ERZ셻@`ae}Zw0e7ETOnS\"\0LS:,ҏ9uV\\vR2tGLlMhv$N	MW=xjْ^3րQB-?A`5%*^K\'	<7(1̬Cz&\Zh[\r\r@@澤AN0ZЋ(kL;BO$ܗ\0mP{̼8:5w3sKYNJvy\\r1yZDt&Z+Ҝ[VfTb2@)RIG}x$ۈv#ۖ(oрs\n\r~!rx%eV%AiK5#,\Z^g벉k*b_!=[*6\nN+?hkJ+/X#7(|u^g\rYLbvB[&u1\nIz2x\\!ӹV!8YZ-3;-	A4#e+rL6VլG\\\0n*!V8#((AOJ~Ƃf}kxQ (gR\\sEߠ͈-0-T1)Q+>gcLi+bP#QHOBL}(BR^4+WTWS1C6$JTj+6c)Lߝ޶Db0\ZnNc;mTՄψUj{<:O\ZߓR::zÊsFyj!(XT=T\Z0P}\Z$v%uq<I2jٰm46.nײyΚAk?6=&)f;ڶ?\"-GوKp 6bYdDkĊ\rסU5?a:svԸ\\L<	SZ<YX\"&L(}p~Lp-zH\'|q܄9Uf~l~,5]ru+2\'&MM1zAJ\0sQ`-{7fȚ\n\r&*$-\'.U1?u&r%)Ϟ ;J`4;yZAɰS,hKժ4NG;~$SbkLs`>bi}gR\0Қ13_ä@CB\rzf8dXQ\0NB:<lea(9/e8}M\r_sbq[\\=%\n/)}oir9ڍrP>5kl\rNGf-~p|ms}aZ~tƝխ+G~?q-vͲz\0F;ompaũW^zo \nfR',1488272867),(6,3,'Hexo 使用心得','xYio_qc!Tm&h$\r-!M%)(+$QKXUGhk\"?sg3%;g~se	B.\"c+q	!zuF܍joc\\^&[kFb\\^&ꜜ=6Qn]w)Y52b5֜KY/_Ӳj,W𽕞/}3?d~j;n7ᛁ`$PB΁;\"^ۃfRfs Ы+\n\ZV%%F6eu\\1=n%ku\\c9M|f~]9[\ZYznd\\4\'@ioyzJ$xE$jfm>x>)lJlA	(+08)sq1<i5YksWez|T泣ʩ,NZg		cW#v~/C6!\"	#[Du+}Kr.#GFZh[7JSvnGZġY-V>A1G~,3>iAhc,^[r84fMΗUh<2O-Yyj?w\"hڽ@48\Z\'iW9uJ[| I7gJ,\0[`+yri?Ge)2xõZop&ű}Bgʔ[6	dL/UK2NĆPfS[l)Oń̩/\\~,\'}$29Aj̝N\ZSGl?#\r|E;o4_d}W^Β7YmV0htUNhMsP£#\"0f 7|Wc.#Ԫ܅<:g5xgR)m;J|NNȵC<SV~A $|r,\0?:!OxKMa6krr@tyHl\"tehkBLsKd$[`og\\P|\rItjA#o$:4\'9\"k]?Lهv?Q\nƇ{\0D?HT<\"qhk(<@~!y~[ytOubfT\nǢVm>ADh,#DCObZ\\ro;15~9^4\n͝]Jrb׀H8)H˛DF@Mn$ZC\nT!8\Zuz4Qk6o΋ϕg\n90Lake\n0l]KF?-se[rXMU܄^NI̾lƶ^KzYy-	UuTK0REZbOK8	øLf/`\Z1#m%fI7nPT1[NfesY!+*&\0\ra!H;rG;LvjPƦunv6;WyW5򒆫SN8 #Tj&ClKeCoF\"c!-fgܫ;Ucѱ4;5wΈ BJ+r\'|i@\n15/\0`(+0eq\Z3t(`947j+Tg,rB(fV9ˋL;1zyqo%ᇤMUc&Y]1fff:dFaY;4a\0V|\rd&mv2KFT|	ns=O	qxۀtQ)t\r{<lܩA<aaz߆.+KVŨ\nN14]cAr+xi׵%a6[ѓ)K	G@(ǩ FN\"Ƙٖk}ט}E?+ihCd:RpP$\rGb۷{=2;P1sΘ\\JIW\nc\0٦^X_G0 E57%l3hi01IO_?[hc5O\"A[Oؑ0WQr9\'VAѷsF(`º>?o-nu\nV@5i\'Zi:XX_PQ3m\"L`ckQ$W}s9-\rF69\\kO)Iԋ@JlN\\&\nR|{\0BȈ?ע#w)V`cMX!\ZTXmJEvPWoLA1h~f0m۰/	1EYYgX*h_!yZn\Z:>!Oܫ5m9]S#bU 6m[4% ]wMNs\"#۠gzEOUha{fX Mym|#!$jЧ@춸z.Bp!GyQm4>QB{ڭS\'M?m)衜-{(Qpvͽ*۪Vw|U[*<1oܤ\rMxhn83\'WK:t\"uBb툯;Dx#aڝEބ[Q5g%agt]?`WmVŬ=n7씞+.gnދkG,VĹlDPQb[8^2̫yGZz\n\0Rm\n\rsih.Fv,Pq]ڏ&N }zyAzF)bV(R:oJ\n\"5X%u/J\"rW\\[M`tϦ}:EP|o2WnT;1)xk:}X4q2r܃OkKӄ2Zɶ;LIw#}\r~G57Tžsm}gSoܣyG{]KxUgҳ|yE3ppL^-G{j8yhWxd{%LNBR*S~\\w3WI=yzU&Q+{	fNqY ?jߍ^|X\'V\0Cqj_Xf-q|ţ\rC,q6N-nO`Iw/X0|IH*J֩A>D\nŽ\0h;_wuGvQaDS+NC\rpR~\'Շ/~;:?Fk~<(F vN(:VAw8]C>GCZyC|\rYΰ?<ǶA_;s;$\rxzqGS&ЖgB9*c.zT\0c04(hIyl|ˇ}oSB-3f\"^Bk߲Vo_TQ5hݩ-+7|e@hS0\0O>;1V5 16{W\\|?2Q7,.g_ss{]э]|[C?cQAHxvGAz| z{GQ0<yx0yOD\'H<;`˞ק8ҿ!7<Įa\\um{E胦]u6oB~Xvn_Fs~k|Aӝ}C. y M,mZK\rS',1486106867),(7,2,'LAMP 环境配置','xV]OG}\n)kc\Z>j\nQVʻIf>ll[f)%ح\Z/Q5?; Xsϙs=Fʋ:k$䷍OVy::\ZpѳK!5 %Jƃ(;|%lv//Xe2/3պ]=)jiT/=p}+-_`u$wD+gv{Y<Vڭ_Zf%	%\Z$UbvulUؾ7xxg-x4e!waj	vټ 4 	\0hQE릲z{8]Rl: &j\'tCy8s0u;/l#M(0XGpՉq<iq3O	>F-%,iyò{\Z_	b\'UW|s>xd!2@w=١mvƕ̀1I;99,u9@|`1tܔ׏1a	r<\'ff?@)\'+EN=R?{h$S.$\'ZSn_gŹB[l:Rnl\Z3~YYYpG@0䰂^C[\\89]_CjuxZPn\ZF	!&~N87:J\"\rTqoFU%1]gXpnct#*5;%C}vE9i~f.&l8*vC\\)!.ZtoqܬnE\0KYk$xb!;)-}|VWgwYwp=@\r%spM|ktftvI[rӐ7\0Ĵu擳K EAb2&CR}8JvPeTdݩzʰٮKk|Ԏsa^İk/Y9i)\\O##VYk&@/c3j^\0<%a;Don60G-\Z8\"Nv1q8ɬQ UHE]?֖_<Z61viw= =LV@EpB\Zgiܸ',1488628832),(8,3,'markdown 参考手册','xY[S~ׯ*)\rra{wvcy>Ba\rQFi0]@H\\emtai$=/sF9$P\n>}T7TيL~QΟan,(&VN\ZZrլ#m3nlA+?3Vo8ϦJl)FMG%۪Y<S26jTx&̷׬.W|ɚI>X4찥kK0Co>߹еkG<rf_quUq,Fz=<5BEQ`+tl5fVn\\,&j KJ;}WunDF)_ǫZP46v|X1CjrEl55RN.GUF3ciTߨO,?[{z-Otm<	|xԈF$Dllt	TJ|\\\n+6|\n^RJⲶN\0s蠒\ZHrZ-S$mb)en쨒W1aXa\"TY5)EX%+ouD\"\0ޜ\ZS7&}ܢ/KPߕ0d38\\cU4ρGօ?pXδ5J8uVxזa?Aa.!xK!>B.\rzz?\Zv f.8e^_nob\r,c=GYn\\CPK٫,qj.P\'bf\\F\"G7a[b^_8,Y`B:J{g;I߄)RܧF#wvEXfbVPnGDr\rܖQKG1rVu;1a$\"\r!aWKN=scV3\"]w)x\r	8!,n߾dı\'ơu\\.`),\'4+MǴdgcҰ%\"s0x;,D\\F]b{NA|<suSChݰBh\rBkSzEz˅ʁŎX5`d|Eur],H*(BgύF{WXq+<{t)7A/i:7QgaMV&,`#p\\S d-B-$PElm!JXɅ2G~_&-P{\'L={g8JPO3F w;:i_־H^7⯲&Geg(G4_8l~GH/@< \0QH%u//[}<1Ր\n԰KWBR\r\'G.k>egJ/TC*gu342ǜ1Uwm\n;6\0{|\'nC؋:\r&uӌ*wN__>51榃<Fk/!6,jwA8rRlH,me;#w}$:>Cr @2\\PT7ҬzY)e^f*DDzیRc㯕K^+Ch!btn!z=v,Wh*Pf5QMxŰ_DWG|f\\xm)Y\rtfJ}V6w{;]|3Kz58\'J`~~$;E|VT\Z4)<!|x^qXZiբlntEG`O\\x*7,qY\rT(¼\\TQ!m Mb*%NY\"O}q\\*RM_=PgzN[4=(\r5DWi\\4>aE3a*z9i_Ro0Z7V.yd+g]k(CbTg8|P(cX\Z-jjR	/,t^+ͳAZ\'*{?>̌͌?z/r<-{l\'RE[^#ab0c맋U E=Wf+| x`ʵoW?ZBBlZ\Z*<>OM\0ݙ=N}xƠ];p1ktr\Z_&x$Eb#xSyܔ52JQsy^SɚψW!<>ko-sb?;9Pw,爗Ȧ*R.g%턖ðvӣ6.}s\'lpdPN.?vt\Za{6j1_;1\ne)s%f}t$1D\Zcbz̥~jWboN>NHP`\Zq)BRC˨b̲FKaCo<?<9wj\\w*Ê$gr!kJo=bS5V \"RuBʊ˃6u{eEKw\r\r]E9WB\0:quU0@\\i',1494141296),(9,2,'小程序录音另类解码 (原创)','xV]OW}X) R&FyS*RH}%$-\n$(y[0X&16Kl6@`Lw}_$C{g9a	Ӕ!h&4Y^ހ\n.S=4آ.Xr.gX}nsö=:]y%~$mvU0f[#oF\"+Vypc޶X~Hǆ#PMV3e@P#^]MOb3nJŭm[f	k7f!âf֩m6kL9vٙ+lXN%2<_a-yg*2y\0&ثh+Q?ǨlZ)Y4[v\"\0^=(CҠixvKN[\nzEn:!iv?ID\n1:!btrT珟)\\x5OmqNvRK-B7$\nKbkpUieRDFJw?\rRUǵ&C˿/?ο˵4d,O[s:lr\r:]8:.0Js8iB݂t{S,B*2K\\I1팰~Lc5\"%/ms\'f>˴!`sbDN)\nq[@NWPv^\ngQMf:Xd\0fq;O٦\n%G%Jɋ7xYMbOy3I+0r41Ó4Ċ_`4@M	=P@I&I&0W\rťR]j$`cM0h2jGvfF9C]BԬ7A^beWJw잻$7\Z,Cs2H[%]a4P#?/))YЫs{`a%\r+?h#JNh t\\kNk	Y]n3VmkN}\n=}44?qnu~՝?\"ϖ?[|M.9sΫ*je\09W#獛(c,u][@gq\nKQC_F/ݛp8DL6~8y\\; H$s1vyMȇ%~ƫHȔmĚv?,\Zv@\ZočA\'AFjd[\"vL\ZXbMe>UqbyXg5ҵr>tPfC\\ҝ<Ŧ4(Ut.\"o=Yk&QfOQ-4@iX̽R/	J!#ʝ5NyEzrٱ&cԊ%ZA!Ou=]DQ4[m)<~<@ótMA$	<U	EBwH&\nk\r>Zj~Jhz4~]X>2\Zy]FV;l֭N_\0@&C7H+>GLxD1QeB^կP7N)ȁ|3K/)VdTJKo%@ ,ɬN<h^GzӓlO%QMf9-Vo$/',1498566374),(10,2,'Ubuntu16 中的 MySQL 默认编码修改','xW[OW~(REb&\"Vj^&U}I1/!y3!66܌0sv)sP	37_Z*͜\'\\HP8s_#MϑhI$]ܥ*]:\\ɺ<+chw-|RQ|L\"njfOk!Y8Fs+8Gy\ZMɭTU7s&Q0$$6rJ(78xj) 8b3$\Z%5QRJNZ}Z\Z~ۖTOZWj.\r^ WGxLHq݌Yt3Oz?:\'\Zˌ5\'n3)愅!%]SEv\r޶k)f,qbc)))% s\rH:N̠QHgԺqs}\05@<caۭc؃Xt1lKj5aߘ0vx`Bn#㺣JBbLdgV<uD#,;]h1K#MT{~ߒӸZoeF;Y]\nkgj.ā|%84qzs5Cɥ\'pf:q:qkzQĲ52.\nz\\eA3;QB,Fdx0!2!yr<m:hQ&.wu\\RnJ)ez1=ꊴg4ϵ:F-^\nORHY	OGW!8 R#k$yN++јDϞP1Hh88t>o\rY>W_ߧ!Mm3d8!W\0jiC,t\rTJm\'H:/\0-q;h%mT+\0M\\uQ1z|ttv*=clm=o\'D+\0M:iV5uHq/\ZytҰ\\.dp}\'#!-\"t	xS6IC>A6h>E\nPTOyR+|:|kd\'B-w\\qN>>CeiӼ<EiČ\n*]zLRݤcCW.w\'$Iڄ31UGF&I7/2\r\r/Gi(s=\Ztݡޮ\Z+IC\Z%2%57(pyxa`ð2&%^F.`gXts67C`J5ͬhV*ĭOa˚fwr#mvqb<::DD\"``~h+OI<\\&ɡH3Eؿt\'_p_x1`]뾸\rǨB1f~&ɹ8^H7d?3G{hOk&#zpbTV\")څw(;/(\'>7&I{!2%eR[slhNA\r:mʑNW͵$8UDq[veD8	K0ȁo|+igoEҚ\'&\0>l*.0􏍢NN^	j$e1OQSTڍnpE(]s.[V\0:Ox	rp\0v𗮵-.AwKn$\0,ZL\rH\rPjwO9\n?\Z#h?j[\0q>!EP9ebgYg\nUU\'Zhc\0$i\0mˡ\"zD%fm-{p_b]',1488871044),(11,2,'树莓派搭建 lnmp 环境并映射外网','xY}S[_>cNq;yiiܡq-R@wŘvd 0a&^0໤:^ݳ^]	gv{ݳ]QZՄCaSlg劭]H{ꤖ-rN?`;?	~\r߾UY֪ϵj3,4VܷM>__Ǐ6j춪3|̫IY\n\\9H<`s\\Yn5i/|:(/V}~qWw	X\\`-tHXIK{K^x%th5/LCr5x>|~iG\r^#([76Nu>sac#$yazX)2,?oӯߗAK).mZ#߉\Z(@<Wm5˭	\Z&}6Uuiv܂|/7V)J/嵃vŐjFvEy\nF6/[\rXwW^մCP{,BE_͚am\";KFaU-9׎yN<i\'3rt5Kf,{ΕMJ*Pַ.XlYƝnSBr>}$v\"\rr%\n,9,yj,˝s<uNӼ3^*n01IcE%֥gl	^35Qw1x!v\"W\"s_3!\0܁(!ur5/`<]AD⛧3=\Z]&*ˮV]?[7nJ%ۻrڒ֨@ZF?ՏXS渖oSlmA.TK>PZw\\\n#rQ4qvzc\'h(\r=ި0+/OSm$A)JRr>Bʨ|GQApnm4GB\"pدzXϟO(8lrj26@h!\';\rk\'JVsB8	#<yʊzbB,<LGT{%䳰;\ZE6L+~Bɋ,E/$4Qe6MV80Y$<BX?:YqlwZFoJ(X*A?@ @?O>p7\n*.O\Z;c;)43))8;F\n}Z3)ǟ$:ф#Տ7H}D\rE؝mO̿oF	n0W\0WrD`,H8F}2E*Ifw񡐢Ô.F\\\".Cɳ0yb9Rc:#2!BvZaDF͉T\"zʓsBAi0D:-sp@\0Ka(g\',}Hal[d DhG\">\"39(\"k0Vk.k.SC\\!mdCp>cF5#\'DCh<Ƥll1߯G#%ogDƇxOFw_7q{|Zy{?\n#a\"Qo7\"mbSDb&7a䵀./d-$c\"&35\0S8_;2P/,m[dl%<\\H\'AA*&J@	.rAY\nP\'@o;NƩuַ\0UᴱlߟmPym$\ndmɢ\\/ېN(	Ec؁cAL9љe_Ɗ^!<iG6L V)Ec7P@\rBEu.MeTB>faVL58D2)9K 5mĚKf%aG#Ψ8Ӳ;ubv$EYOJ/\ZR*nց/h<ݿyAAr|)!6BV7\Z)Vv #E|AYa<~eW>Sà\\urbϜN: CR>i_׵|\Z&\ZbL	3[ )a9MBE$bd驶;LX3\r,x)ǵS/W֒hLВ\0]яP~o5La\"E`ef_!*5^Ɩ\Z=1hTZp˰+n.GZ!ǡx}MVgqpd\Z0DvCw:-b/w\0i}^ͱqxC*A\'˱Q^ΐsѾ4ɣnAH)䢶kPf\"vZkd! hńcאw:/\0t+Ab7ZI©{lrE\n)wHM>֒4S\0\0g!>l zdfo(>]o	+?̿ Dfs21`LAZ,e:|i6\Zqn:-WD\Zy(ҢA-\r]$unu{ˀa\Z>\\(?\Z*(h[D2a #2SCLVE8p1A[zN==kǨR~ґ`0Q5	Yp\n=	i:\\W\Z%]cpX{ѡ撎\n@\0\n5PN3\0Z{eصC;\ZAg5GJ~n2u~a82-}W-n8(;T!oל_}IF%TLdZ$t\Z\ry\\fP~|k,hp[zbD\Z.@9P\r \0#\"R`cw(\\-wتϱ&.mgPm/FUX0.N!y\rR S+\n{VW0xoM`;M;]\r;!ghߞX/iC2)iq)nF:X\n)1E/hsz#ЃkA\n@=?R!b(X/1|>p4^R/[:)\nԢon\Zh\"_$h:/&Xj\nҥKbCV!Ea󪴥OiK@0b=l]h Lcl>1rb̣C5cgbK(!{VHۉ~{|.[<&DOL?+\Z}kCCqDX(*8{Q_h~3h(&T?wJ˷iE8Q$?QqY~zOf^OBtXϐ\0aê#o\"\Z\ZFqȒ`X7tGa=0ifs8\"~hE$ ,T\\g\0Ig@=NaGY6PΊ>aMejϥ>\n1m#i^PTC\"\"1}ǜ+\nGlghinZ;5(Rț2O1W%w?B3vV=g-eO?KS}@0,a|!{uH2Ps o87~~[Ɣ%7\rbJiqkb%;C	W$RէPLe( zA>RcqE!ȳemSl֯-\'3̗;#l\'`a;Ϝ~\'\ZZc:#^ElM\'s銞ĭN_fxWtY6eYRl%(%2w Vdc',1493732816),(12,2,'PHP 网站中 HTTPS 的理解和配置','xVmO>b$\nbIwjʪ\n-q5Zmvo6flF0INYNӹwƟ/s\'J	s99=cيyT~OUQS<z43;ΒGV}GڏQQ<L8\rCj{jΆiQoY{\'~/fix2[l5kg7o#Ai7ZFlk43++ǽEF4}\Zt-U:Brf`*Gde0ZVo5x0/wM7<v3\rWem{^^B	3㕺R[{]#au+YGf+g^دO~\nX!c\'X-Bnt8EQTxEvq`*,_)GhAyLVܐ{0A,rcZy.FѮ_rĩXfmY\'ugzb,_EPԒ+2[?xz[<7jq<L%uy&Ì\\RIfy`Fri!wn{{6]ӑE2̱NI Ny lX;88ŀc5em^(ZmdeѴ5{\n7s@GlԬRuSD,(%~x*Ͷ~[b}?}bCdva=xGXGÈNmS>ٶ2~rEֺQ	(x#H`hϯ\"\n$XD\nH*_l\0Or-`h_]\nu\":uq1++vLqӛ2F^.\'YöȫVe}TQDuY=mn&W\rLx2S|E>uzf3nd\'X?AKQ h!(S.\'	C9 d.if+][efCܦ+[Pα7ɡ=&թ{\ZPpΧF#8.\rPw7P08Bvc9C\"N	$tn\n9}D)n5H	st\Z쫄U=u\'foi%6#%0&.\"A4UV̉y:L>I8_;7\\ODB3ɛtS`ẽsnSqU1̺Pk\0Ncp|@cvmM9%(_g̎%YaŎ%aY:G̥H?eLg/\"?[9ED#;r{R7q2;N줈өPoJ{X*Tt6\Zf oЃ)BX~<5$!G&1AҜomʁA\"}nO}4Xˌ{Ĩ5)_N6XԷ\\~_Lz0Whni^S7H?)~#ҍ>\\l<)`YoMx^-Ox\nq ytDo4wr-5exDhc(wԿ.5?ł+\018:j:ؼ\Z?^ƤChP]+kfV)>/S[|-5ݏҷ@1^WorpDĩB}~bY+Ɏz\'4C^\rgRKlyülrg΅~Σ~ƥ8S}v5SPV@< }oIgHie԰*iסPV0񙂒\nc-hM\rM)Gru/`\ZFqHATqbTI!NbFANݷD\07~-9>FO|pc',1488288902),(13,3,'学生优惠权益 List','xuW[o~ rlMEI)P#іjKԊTɓ|-bI)%ٲc+vbE1Ozf/L||gxij؁)l;#|BެkݸMURh{={klk>N5nUTG`T96Z@Vv^Kh\nV\\UoS궸	Ԥn	g8?!qcn}6\Zdnq#~2.wEpcjj٨p+\Z1]_̌AZ\'@􈬦 qp:cn%hgHHbR\rA4ޓ%@wmlȍw h0itxڌp1uElGz}WR\r]$oqoeTo˼`Gu08ѫGWiZ-2:qF6a>EǱKQ248?*Σ(Occ;w1KD\\Oza@[Ui5RLJk%4$(wMYѺzGUjI\Zgm\\tMvܴdiVAO}/~ܢ_sBhAqrG7.F1Z\"IDH=Ңf1ӮޭТu8CBAQk\"ĳ!e^A*):*(BS4ߟ=\\RxX?@_|}\Z)Ar[ϸ65*HnQ\rʝ`=7y$HA|^SBG\'kWɋo7<arR\0|ܽ0st3o˿Usfp4\nr\r`$-#<	yJAs4 r%Qd«U$iAR;V^)O\"5*IZBSCh\'RD^6ތy	7jEf6>\n*%w[h-=~DDjPAZ^a\'!1+?\Z*Yk]o,\\&Y9ЙpA䚐꽂=0\\O@_tObz%,x_x<||ŷ@Ah7WMΠ3\\roYwф),M.Hp\04.riW~Q\Z1`Kp18\ZU\'(-f\'CIۃ\nά]3de`AEbo\Z(fI#̷kzo06L\nK rk){t~c3`}Xu!h1J\'\Z>\"^Z703\rVl\\0=\0dE\nB{򺿝O^xhCDb0jZig-aR;0\n37\"hO@sE\0m\"W(Wfs΀Ҽ\r_t\'A p|lﾮzIV9Jezi##Ql9$f/\'n>ct\"n {f_ސ[C}幮	}gPyC\'cN%)ЌJ~k/Pkml=sx%*LךZxu,hk}!I8\"|pH8($嫭]0gltQ T8sdU\"5r={0Hfs8H-H\r<X$7)%<L7+x\']Ai#].̲4(M~f!Nr>/*cs2*+BPl0s!y#$ۀ\\(͸y9cփ~Fy;/d{Ycܶ\0gbF>L/&R]pTSՓw@]ҫ;t~\ZG(Gzgmc0}	gNS#{93x[]?L/',1497183683),(14,2,'wamp 环境安装','xZ[SW~ׯOK-c;=)ԸN<q!JRcT#؜\'a, _l6FrF4|kVK\rP{u댨BFW92n.<CrmXusiXzk,|W/W_r|W||QԪќ1WW.?IWfG	hZsy_j1`Ffˎ1+TRi^/EyԜڪ\'xĘޓQWEˠ>U0	ڭkx;~{Z;#j#\rt\rҐOKZ挙.RcZSB{0+Okxo9ci$jI}X;\'tnddPόՂڏi,U]Cep1xI؃d?y9xE-̉a4AҬY#a9Q+;yl\\rƭYHi!1c{]rFve|N0Xb%\\}8e~Y6f!Hh3h	34YĘ5ۢvg\\,4I$<ʹEu\n;jR_|n}A߭/=9iqnrE&SY#l(qy0c>sKisxP+B~21ګR\nʵq@MuE+elf0+ȳv,zo0]ϯao`>}擒3;Cɫp.84?t:ۻRH)o: V䒹뉟xJ;q̉xVs\r֪+͈L]\ndvP7n}=z,մY}f+%F[W:^ZC]H<Xs=z`8)#^YW݊#-OVUjeTV.)pVZ1g/Z[фN,|g|\0/S$=0r$\0/,_]`RPޭ+=׮^ GqLjw><jݐX\nK#L?]in~;GGeaEZDwPTOQJM J\\L}wG	V\Z~-G?Z@Pw`4<+}\'d(\Z_ky0_X\r[^#h\\!d*-ǄdU^\0yYnɡ4.GW1A*\nm&*5p%hxwֳv%ѹ\Z5pltNaze$RA\Z94H	Lpdo2J~~M^yACKnpbQoWU;ǀ*3L@Q\n9wɔm;r{g5D)9sYep)&S[lD.Z\rѕK\r6r8xW/\\\0Xu\\$xh@}=omfAgnz͵Nomv*s|FeHBF_o$hUvw΁\Z۱lpZS/OErBj){x^Nl\r6E%gk\0	\'EGx/F쀒JUJ!	\'hJMq:y]菁d4!MGfl!%lLL:{hHZrlOIUF`!ZB9\\v泶W23HʙRʩ&\'<\n-|%nיƗ\0	Ygw!Ay*0KH\ZC֪\\UCH_N?OS\'LlFnXy4tȡ60bəC./])[Ӷq)s`=!2߬تsҤ<9}!:%4z;E`=5z#WzP\nj|^y@wL9~>]w\rrRĈnG	vQS8\rDUy:W/}9\Z_Wfvj=Aq\Zi<t9x.\"@L#̄֓:R2N+VU*$8sȃl+v/@M4d9O\ZUw^ijCh_hTSdzoJ`r)=ѓ)DN0QۢͮxS멾^A0%A070\r82/_v/h~k\nH@hrhRݚ\npވJEywisuzʞG`GUkN@v2LCƑ͟!}K!z(ՇNRGD<&LtID\"H<+ g|l. fnvbiyn3CƪzAr׶kԬJdN\Z!z(\0h_\'s+qIfށ\07@L2Wa	3L[Δ?zi(EmȺ3hLYGÐVL6[p[e|\0Uz(/Rqqξ	P&\Za,g\'eWj5fԋOGcPGMj\\ܚ٣aH).#b#JeU5o\0Do\"I@m\'@t$.rT68SP=\"F0\"J*B+BJ~K-h\"3*8X+a\ZoKڮrFd{YGBڝP_,ܥ4*::*	&\nZOO7c&pKZdgd)C~{ 1hu6W>P|$~n\"*qPfZՠmNUkcRF},B\"Teç((PY\\OS(9&7ohZq7hZa)g?uw*O4xw{6VY7&E#ۜ(bp11-=Bj_^UFBws1yseVvI!x3Zi$t\\p2cb==u\\*P*F-&xGwSξ0施4y3D(N_źe<vD#,bU2pSzIEozV\"aG̦52ܩFGᏋvٟۓ2J2};#ω>G ut`7-\0j#Eg<c\"JM0\nʀqhMP.q-OG/(6z|τÝ׵q\'⏣=@<\0o}R8zJ|IMQͫWo넣T}D@Wwn܃am卋07Y҄Vuz2=u{\n(PF$qym7Q͎b]t<t\n8RYRYbzOxWxWX[0țoߣ+=R9Gsk(E,\05T\"Q*qCq̓D(Li|jkW),_rcܞ5nN=:\0cl{;ZtK:促U=DNfBy`\\t\0T9\0!MP@Htⶵnޭ/ye/w{@{_?ZDW5R\rkX})ϡdyOiy	 . ;$7~B\'JB)Rb	{v締u8$\'GN딮Fooo^c2澰s8-V u*`*lAs^Av\Z6n\ZzHu%IbwEt9jM4\nލo*QjmVQ|0j\Z/<zv:ުz\n{*KOSRGO6LAࡢvZba!ϥR4;D9D>Dݤ	YPH1o(qC#iO}#O#n&t7b{}Iq#RJ!nBK!gv,\n)D1I\Z[!S/9+6]Hw[U/y?_}2üѼr-hC]}Rվ@̼7>X{x7n\ndJb(qzuSo-?fVrPU7]tU_ǧA>+5_pSNɾٹ?ÊF.*h}`QV{\rN[w1SAuܻ7\"=$a>2}DfqŹ2p_j\\.$59?ݱژ|2\n|zDCDs2(KL\'HV+-1Y|c_[7̧Zv 1JDd;Bܷ{]-c·ߝ/ydy[3q:ʩ5>}kx_:{GL􇔀LcMy!?yRLO',1488022225),(15,3,'电信校园网破解教程','x}U[OW~8\n/R\\FU^\\TD\n(Rbmq|0|^ziw9_=4R3gf>^Z9i&k^QTScLuSU|)TȌzJUxd\') ]r\rðr=Tu>\'\ruY)DkPn1ctߡ#S\rڇ46`g<>	^Pƣɕ@%}bG<vN4#aP}=q#j)%>Vԭbɛjt/h4JC挟Yźk]^wF:ex!2ףٵ-l`-hx\r]lY\\|N V\0mH1Y6OfMQ{s\Z\ZtbN&۳*_ WP qԱSӋ8H+Đi}ſˢWiZѤw_LsܦCFAM\Z[rS|$y|\'&ws\nhKh5STe$pڐ<z\n\r!rAeRD3]p)8l{hS֡ϙ<)3>.`  M_rZcYI~yntLaosM9>X?H\"\"}lWˆ39aFo%LZ/pu0mD\rʚ$PlDZ@G~XQ1`Y/Ww+([O_7&ǵb`>֊;u oxOhpRKȦ+с|ct$~HF+b9nN3caT	#^\\W23?AC\\/ɅB!3d#2<gtd:,37XBZ,.\"A{O6EZXܜNl\Zo_!{i[e*6ɋGk1qb;ݩ+QM$%þl}!v<₋nCwHś9ma|&%&>غ7u*cI$C2,D~t}%=]7WL#bn@*ʴ+hZw!\"^X΂\r$;6-CP\ZOǱp$ǷR#)|͙',1483959583),(16,2,'取不重复随机数','xT]OP8ś/1*Y7c&j\\Ÿ>PtlȂgzN+iKgŒs<>xd}s-RnBчXqWNrUC=3T.*ݪ%}8s<2rYYrI\'=\"2ٻFaXWy불R-Q\"\0JxEO x\Z02^K\Z}?SF6ۦSH\\IdVkָQO@&cAOyR\nakd,e	ۛ[I}(	b<2C>jh$AgܻFVߤ	H`bAp  SIQz!6[J0>\nVq(m9\\h	+rpk( !-q94=xx\"{{ۡPsT1%0q-GE:r~Cnw㖯6PaM/ʉ~\"\'xp 6صH3֪zzm@қ/ɔUHYful1\\ 轩)?#SZB4dsTc\nr	.\0-\'$ƶgFbQ(J[V`ɛ}feͮ/oG\\PLg}(	7#Ui=xN߄\\2D<82E7e\"oY˟oqF.嚊X',1487506393),(17,1,'正方教务系统一键评教脚本的实现','xY[OY~h1)eF\ZHV\ZYΚv*67ps1`MBn~9UrۍNWU_9Cۦ֗&\'̕U֜1k5#zbeh~hl	O\Z͘Q:4ZQ߳fm-#,-IVQ55\'ްؑ9l5ĲMMaA349C̬PI̲~|qI5(Ex\Zg\nokrDkL+Uv\r%*1d+\\E6߂9,3_CXh-3~<WRn5\0栙3(3ڎ*FzvfBVܱg\00ɪGW-C`CՒV55ųњb)`|u7hZ-!җy*5Z|Of=JÒ9Sd(On`Ob+p\'<*YZ1=ۜ?D̔VAӊU0mlkyUJޒ<Bfj2PU1d$Fάº,U#WlXϱƍ2Ɨ\0H0\'`9%Vwj\rx+bT$zm}f0;I\nDw̳I6cR:ӂP݈e,rU(t[`|m+c ;\Z୩L\\>bkSMUEKc$RMZ^r|r\r>IEW@ \0E%gB5!9\"|5#,e\0@\ZA\\8\nrJzƏX&UYFD|Q䱫JV1q\' osZ<aא]+՘=1*E^#-,A9_47pE3|]k\"]Ne?lM}KtYzc@\"\'|ٿ۹(AIP9YOԔlc#8qkS*#/$I|X]H`߽{/y77x~ry\\#<^Ǔ{׿\\,4\Z{_~0KX}MFQPR\ZdH\'+G]E\n͆@;R\Z3N\Z\0֗@t[4H4c4Cl+W,z>{~#CAdIw.,Pn)L[V.A,LhM}=FlVT]\04Ϲ+>*7\n\'F|^RΥ\r\Zp:d=*ߔ}g7eMy\r:]O%.(Ҡqvoäjmh;$_II7X}T\ZԡD	jH@uCOooHoHwXbId\"G5=S}?;bM˜ݿХI}#\rڞsRgUfɍ=k54\n`\\g~Znh-~piK{d~\'O)K}?O)EJOFQU)*}!&UVĞ`$?z\\xywN{O<qx.08hBFqKϮ+fu\ndE,ڈ={0:@g=\Z3ęRð_oƹ\\F^*+5> ~4~^VhQ@|R6*;\0=g%Ĭ.mMI\ZxGd+=~hJs8db[\0{jj) [4\"̬u)3D890ח@F?g:?IBw\'JI@rKa ̉fAێ)6WsKCymZGY@Ru5aF\0*\ZFXTʜpd\0È!4F7\\q?/\\ jF\\C!ޝGbLZYlի83@<1oXX4oɲ=]^s8{/<t<qݏg^uuG@=p?>7ԍqwRX=zww\"&GA:cR3჻/*xħHxW>E(ESvLJu#zHQ3<=\\p}n{Վkga^\0^)=QlBA34qE6IZ	mmYE+*&v.io`C<bG,]zҟKԗWT[v\nT|W}FhDH`\Zea:o}0 afq>\rb餹\Z\\d$;~ĶęÒ֏7|5kM\09xrW_k;zm@uXo* ;:9zύv,A6Ph;3JD		0\rc-ʊ&?ZǋuPF/m\n#miPG[V\\ \0xQhI\rYdeJ5pTsqI\\oJ?GIڸ/׀\Z@݅B){+zb 	# UOjġ+6vbluC$uH#i>[\'3pg>EqIq~^s|vɠu~:=*_#r8l||7g$MBFyD۴UczQ]>Q\r[lj^qlM',1496905277),(18,3,'你应该知道的资源检索方式','xZYoW~ׯi#@PL=^&@!(6c	mK@A\Z}%QH$$.dq).]0߹X΋ n{YsyGњ>F}ؘvBE{%vYmcS+ljT1v״vzL%	sj<ZƇx}Z頨HS\ZZ;6ު(u!ͭh16vrwRϼRxOg_rbg~y<ͼg?q	ڬyuF[8TvJnMoH|IHIG:I2\":[Ee߮+[d{ZhpCi;V~GXKbS0j-n6c noel̬7J6-Duһo$KiJU:;XMlWɰ0ʋ^Hb|-E\"\n[saW~Fz8n±`\nLOHVt|\"y`k͸2+,|H0|Wa\'z#ta+:J?--q(Dr*fW9>7>{$lF)냢p	G2A#lkMiɿ!yl쟦0y:8w?.<[-wrO\'O\\.LsO9)?~\'sJKKKgI2)E 9{)F-Iү4N	KS\"qZ@nd\r6yҚQ`^ ,{g\n#R13kkZ$\\DPgaCBzćO6hX\'}GE\\7ǔDZ@*;fo	nU\\Liʹ4ʶÝcKOyN43aǾ	}	Cu\\DtByV.2aC/\\?i,`HE9t|A2rDsWD@$߲@f\\nA$T}9YAݷgVM}e\n%zGɁOl``\\wٹ\'g=&\"L *UNn9Ozuauvσ.$<{~#`~Ok\"*I_IkPkIjh_0\nJn^{,խjU%yț4UR<; J5w݋Yԇ^\r`gٱ{{wz>虼?1~{>|CHF\Z>d ܳ9/yY|>nl\'Ç&)T8GTwEySh8Hd.ʻlf8Y蹸EB$U6x%˚Y->x5Z753ʫ5CȎQ9(bGfu>3Ο70ܣQ	#=[L޽}[aͭfC)_02_g=sEd66ϵ\ZMߪ]2\\1cR#8W(QUqL,IJȿ1=#vZ*\n!2ea`3eX٬V?Av77D\r=)E0@J`}:s3,6jf6j;$.L27\0T+M}J2DSph=V}E,erxHq&tF NB%IQ	B\Z1\\9\no\nU\\_~ziJ5`TKN,lwۉ5zh[mL#dOD㜭`EzU+%]G9msl֎ybjj!hyzdTh]Sπ;BuS\ZąlآhB86)!e0k*2#8}\r=\n0J	nH_?k,I.R=Xu>am1ӱCkU͋qA)팞O)e$\'-Â3!< En@E\"ֻJ^^@诬|ٗW~ja	(8|c;\n^\nPZ0֮cN$RpK\Z%܏I\Z9k4\"Ǝal/X3bZ$8d42؁E[a>_[ze<,rao?D.AtxEY\'wFKb܅_S/v;04e#٢ϊК<DZrp#<lGoS1*\Z(uEpMՊCؔh3U,F$0o*M6S~8W\"2Ip\ZjljS|SpՔ,!c42F\'[R	^\Z(zx\r?1} B3q3vϣ !hmƑ+c/=]l4v4&l[&Ei<(פ%VhmߋJ\nfE6+a)8#0_@{\rQHQ9G^?!&Im?ZC)lɥ\0LWte!6X=x{S]9̟jR[hG06}FauxTI\\!NkG07jd\ZaZp1zEFeFP0F$丒\r5ىVHӨ(4!g9=i,X޶h`r;QhrB<th;Y)V//[k0%lMyNeVZIV/G%/C#\Z\Z]Ot\n%OD=I\'[{(Q~=Sgn/Aǥ0]٧}#=&`_xJC>S<>.PxjDo?{9S!L,P6=2\'lV\'إ$ADTkE9t9Kl߱8j0sfQ\rCGl6o$yax;u\n5,HxQ6ګ\nK	1}w$Sj]k+mI-bmV6aC29{]n4@3:*#~~H%1#V$9T|.bh\ZWaGS\ZlVA?0kqrZJڻ7EծTS7u!^sJ1\ZrDle\'S]w[-ZpkBʥ* .F%ȔlאlAތ:}脐~nVm34tUq\\lKt՞Y-kyڕ˝3+FFdW6;JSdS~7~Gf{wIcG@(Җg\Z2N&Z[2_g?1NCjXdب\\\\b!0!Mvj˱EH\"X-u%;]a;)S֍P8$xf~X6\r+f<#K\\T\"|CUFXo/]No \\Kitoq42?[^hڝlpfmkyVm؄]\"tu)\nl+$l|q,a^B\r>q:\n(mFAJIVFU!D=P*	Moh4&v||4vq2g69HS\'</Wc!lkP͋ʯ^0BԂ2	qp\nw&w\r!\'P[#P\"zz[KnsO^>iQHԧY^t@4f~s/~bY4tp1~3,VtHU0Qݶ.pd<cx7ń!3r:D5\rYұ \n@YW\n`/Bznu	ހO8pIfYu	+6ߖɍ5ڗ|b.|jFĈ\n}1:d3-zA9=\\ya4pyd>&ʱo|[D#WTt[)OAIn3o~Gf\ZyRuS˵;%쏳sOඇp7NkSiRCV\rQ\\X}vusFͣa1ez8p{o37X03EoC-YdF&A S\rd?7DMB8a)PE}Gw*1טq\'C+ZE>?=&_~/>ͣOx$1ɿ?bz(>Lg/yftՙ9 Q|-,4ϝӺw[FJ|oto\ZO\n+=bJ0kHH6	PGl.\nv&DUr4R7[|̕\'<HSO*sا\Z4Pf#՘H\rwd\0G+nXD-KO3_\r1\'Ph%FQF*|6\0O܊{}gT䑸ߩUߐ!C_|#$tK^H:,X9~Wwcٹzw6p#ݷK\0z3\rYǾ[7zU.Zf2O\":$1O6tQU~E,6M3o;HE?}_ k]Q[R',1484651425);
/*!40000 ALTER TABLE `article` ENABLE KEYS */;
UNLOCK TABLES;

--
-- Table structure for table `category`
--

DROP TABLE IF EXISTS `category`;
/*!40101 SET @saved_cs_client     = @@character_set_client */;
/*!40101 SET character_set_client = utf8 */;
CREATE TABLE `category` (
  `cid` int(11) NOT NULL AUTO_INCREMENT,
  `title` varchar(10) DEFAULT NULL COMMENT '文章分类名',
  PRIMARY KEY (`cid`)
) ENGINE=InnoDB AUTO_INCREMENT=4 DEFAULT CHARSET=utf8 COMMENT='文章分类表';
/*!40101 SET character_set_client = @saved_cs_client */;

--
-- Dumping data for table `category`
--

LOCK TABLES `category` WRITE;
/*!40000 ALTER TABLE `category` DISABLE KEYS */;
INSERT INTO `category` VALUES (1,'前端'),(2,'PHP'),(3,'杂谈');
/*!40000 ALTER TABLE `category` ENABLE KEYS */;
UNLOCK TABLES;

--
-- Table structure for table `link`
--

DROP TABLE IF EXISTS `link`;
/*!40101 SET @saved_cs_client     = @@character_set_client */;
/*!40101 SET character_set_client = utf8 */;
CREATE TABLE `link` (
  `id` int(11) NOT NULL AUTO_INCREMENT,
  `title` varchar(15) DEFAULT NULL,
  `url` varchar(255) DEFAULT NULL COMMENT '友情链接地址',
  PRIMARY KEY (`id`)
) ENGINE=InnoDB AUTO_INCREMENT=5 DEFAULT CHARSET=utf8 COMMENT='友情链接表';
/*!40101 SET character_set_client = @saved_cs_client */;

--
-- Dumping data for table `link`
--

LOCK TABLES `link` WRITE;
/*!40000 ALTER TABLE `link` DISABLE KEYS */;
INSERT INTO `link` VALUES (4,'He110\'s Blog','http://blog.he110.info');
/*!40000 ALTER TABLE `link` ENABLE KEYS */;
UNLOCK TABLES;

--
-- Table structure for table `setting`
--

DROP TABLE IF EXISTS `setting`;
CREATE TABLE `setting` (
  `id` int(11) NOT NULL AUTO_INCREMENT,
  `key` varchar(50) DEFAULT NULL COMMENT '配置项名',
  `val` text COMMENT '配置项值',
  PRIMARY KEY (`id`)
) ENGINE=InnoDB AUTO_INCREMENT=4 DEFAULT CHARSET=utf8 COMMENT='设置表';

--
-- Dumping data for table `setting`
--

LOCK TABLES `setting` WRITE;
INSERT INTO `setting` VALUES (1,'title','He110\'s Blog'),(2,'name','He110'),(3,'key','11111111');
UNLOCK TABLES;

--
-- Table structure for table `social`
--

DROP TABLE IF EXISTS `social`;
CREATE TABLE `social` (
  `id` int(11) NOT NULL AUTO_INCREMENT,
  `icon` text COMMENT '图标',
  `url` text COMMENT '链接地址',
  PRIMARY KEY (`id`)
) ENGINE=InnoDB AUTO_INCREMENT=2 DEFAULT CHARSET=utf8 COMMENT='社交链接表';

--
-- Dumping data for table `social`
--

LOCK TABLES `social` WRITE;
INSERT INTO `social` VALUES (1,'/static/img/github.svg','https://github.com/He110te4m');
UNLOCK TABLES;

-- Dump completed on 2018-02-13 19:37:38
